admin,905b8fe43a258e35ab0deb5b5543d742ae6ca8c8a9fd802901d03bbb704f4233e90c9977a5855461cd55f5b9c2fc0d930bbcd295edc0ebe2aaf502ad476bca06
student1,77235951cc01ffc039e39b0a9edce011f54ddbc4f8ece5b76567d2e8a7871208ad5478e3bb5f29da0148fc67a47479a2ca105aec07ed3640f6484744f76ea374
user_test,7bb6ae370607507b21ea11735c334cc5f9845ac9ad425e7fc7cc4283f3f67c5191f4f0dbbfa180b2dbcc99e784c2ef52a92529d7cf448ac3fadcfb9ca223cb05
dev_ops,7dd17d3a9298310baac2646530de0c3b9beb36403a37cf8d763b1417a4703d2cf128c7a5348f4e4a6849b41eef1ed68559ee8f898c12e23b10240265b96d58ce
manager,d4bb626c1376e96ec84ff2c1245bbd1dada10fb2151554479d4b6b0662244c9f8262377a665aae77e74a342d0dd2e580186b243f8ca2fda3c862696a01a86aeb
guest_user,2ad2bca757ebc8f616efcb12a1f5e22a5b8837277cb6fa7ac3df93733af5b2b7a7c490cfc47f51713b9c73f3282786ab2d241ebe05b5b9af89d223740a458d01
support,4ec944b6fdd2c4c73e0845f8adad99e4102e921c02f243c8795c6661286bd87b62b6e1bfe64d0e0f274db21a1b75cef7c8f3f0935818e78c978cf890a751a8cd
analyst,4ed7808a47f29bab2369c51e9f1fc85c88ea7c6b7bfc38cf5d276a5a0d24ecae979b0429e805bc434ce126116b8c40882de0b655ed2e92dd23735dcabf1fd9fd
sysadmin,fb128e8aeccfd7f189ebd5259f0d8556b50a56f2d59ae324e9b792d32cdc6dad1afc3e79a7cf30801c1567f464317bb832d0fb94653fb2f7831abb1d04a903e5
hacker_01,ed674697bdff2dee821c506b32fb8ff38c1a9cd86adbe1bfb5eb4960f49551e0af0dad9777218fdf4002c93bd196a5692844ebb5273e8de9543912e57cad80e2
